City,DAUID,City Area
Halifax,12090296,Downtown
Halifax,12090297,Downtown
Halifax,12090298,Downtown
Halifax,12090340,Downtown
Halifax,12090341,Downtown
Halifax,12090342,Downtown
Halifax,12090343,Downtown
Halifax,12090344,Downtown
Halifax,12090345,Downtown
Halifax,12090346,Downtown
Halifax,12090347,Downtown
Halifax,12090356,Downtown
Halifax,12090357,Downtown
Halifax,12090358,Downtown
Halifax,12090359,Downtown
Halifax,12090572,Downtown
Halifax,12090853,Downtown
Halifax,12090854,Downtown
Halifax,12090855,Downtown
Halifax,12090856,Downtown
Halifax,12090858,Downtown
Halifax,12090860,Downtown
Halifax,12090863,Downtown
Halifax,12090864,Downtown
Halifax,12090865,Downtown
Halifax,12090866,Downtown
Halifax,12090867,Downtown
Halifax,12090868,Downtown
Halifax,12090934,Downtown
Halifax,12090936,Downtown
Halifax,12090963,Downtown
Halifax,12090965,Downtown
Moncton,13070070,Downtown
Moncton,13070071,Downtown
Moncton,13070117,Downtown
Moncton,13070119,Downtown
Moncton,13070122,Downtown
Moncton,13070123,Downtown
Moncton,13070124,Downtown
Moncton,13070125,Downtown
Moncton,13070126,Downtown
Moncton,13070127,Downtown
Moncton,13070128,Downtown
Moncton,13070129,Downtown
Moncton,13070130,Downtown
Moncton,13070131,Downtown
Moncton,13070132,Downtown
Moncton,13070133,Downtown
Moncton,13070134,Downtown
Fredericton,13100175,Downtown
Fredericton,13100176,Downtown
Fredericton,13100177,Downtown
Fredericton,13100178,Downtown
Fredericton,13100190,Downtown
Fredericton,13100191,Downtown
Fredericton,13100201,Downtown
Fredericton,13100203,Downtown
Fredericton,13100204,Downtown
Fredericton,13100205,Downtown
Fredericton,13100206,Downtown
Fredericton,13100207,Downtown
Fredericton,13100208,Downtown
Fredericton,13100209,Downtown
Fredericton,13100210,Downtown
Fredericton,13100211,Downtown
Fredericton,13100212,Downtown
Fredericton,13100213,Downtown
Fredericton,13100243,Downtown
Fredericton,13100318,Downtown
Fredericton,13100319,Downtown
Fredericton,13100320,Downtown
Quebec City,24230152,Downtown
Quebec City,24230153,Downtown
Quebec City,24230154,Downtown
Quebec City,24230155,Downtown
Quebec City,24230158,Downtown
Quebec City,24230159,Downtown
Quebec City,24230160,Downtown
Quebec City,24230161,Downtown
Quebec City,24230163,Downtown
Quebec City,24230165,Downtown
Quebec City,24230166,Downtown
Quebec City,24230167,Downtown
Quebec City,24230168,Downtown
Quebec City,24230169,Downtown
Quebec City,24230170,Downtown
Quebec City,24230171,Downtown
Quebec City,24230172,Downtown
Quebec City,24230173,Downtown
Quebec City,24230174,Downtown
Quebec City,24230175,Downtown
Quebec City,24230176,Downtown
Quebec City,24230177,Downtown
Quebec City,24230178,Downtown
Quebec City,24230179,Downtown
Quebec City,24230180,Downtown
Quebec City,24230181,Downtown
Quebec City,24230182,Downtown
Quebec City,24230183,Downtown
Quebec City,24230185,Downtown
Quebec City,24230188,Downtown
Quebec City,24230189,Downtown
Quebec City,24230190,Downtown
Quebec City,24230191,Downtown
Quebec City,24230192,Downtown
Quebec City,24230193,Downtown
Quebec City,24230850,Downtown
Quebec City,24230866,Downtown
Quebec City,24230869,Downtown
Quebec City,24230870,Downtown
Quebec City,24230871,Downtown
Quebec City,24230872,Downtown
Quebec City,24230873,Downtown
Quebec City,24230874,Downtown
Quebec City,24230875,Downtown
Quebec City,24230876,Downtown
Quebec City,24230882,Downtown
Quebec City,24230883,Downtown
Quebec City,24230884,Downtown
Quebec City,24230898,Downtown
Quebec City,24230915,Downtown
Quebec City,24231032,Downtown
Quebec City,24231036,Downtown
Longueuil,24580035,Downtown
Longueuil,24580036,Downtown
Longueuil,24580037,Downtown
Longueuil,24580038,Downtown
Longueuil,24580039,Downtown
Longueuil,24580040,Downtown
Longueuil,24580041,Downtown
Longueuil,24580042,Downtown
Longueuil,24580125,Downtown
Longueuil,24580126,Downtown
Longueuil,24580127,Downtown
Longueuil,24580128,Downtown
Longueuil,24580132,Downtown
Longueuil,24580134,Downtown
Longueuil,24580135,Downtown
Longueuil,24580136,Downtown
Longueuil,24580137,Downtown
Longueuil,24580138,Downtown
Longueuil,24580139,Downtown
Longueuil,24580140,Downtown
Longueuil,24580144,Downtown
Longueuil,24580687,Downtown
Montreal,24661080,Downtown
Montreal,24661081,Downtown
Montreal,24661082,Downtown
Montreal,24661083,Downtown
Montreal,24661084,Downtown
Montreal,24661086,Downtown
Montreal,24661087,Downtown
Montreal,24661093,Downtown
Montreal,24661094,Downtown
Montreal,24661099,Downtown
Montreal,24661100,Downtown
Montreal,24661102,Downtown
Montreal,24661103,Downtown
Montreal,24661104,Downtown
Montreal,24661105,Downtown
Montreal,24661106,Downtown
Montreal,24661108,Downtown
Montreal,24661109,Downtown
Montreal,24661110,Downtown
Montreal,24661111,Downtown
Montreal,24661113,Downtown
Montreal,24661114,Downtown
Montreal,24661116,Downtown
Montreal,24661117,Downtown
Montreal,24661118,Downtown
Montreal,24661119,Downtown
Montreal,24661120,Downtown
Montreal,24661121,Downtown
Montreal,24661122,Downtown
Montreal,24661123,Downtown
Montreal,24661124,Downtown
Montreal,24661242,Downtown
Montreal,24661255,Downtown
Montreal,24661256,Downtown
Montreal,24661257,Downtown
Montreal,24661258,Downtown
Montreal,24661259,Downtown
Montreal,24661260,Downtown
Montreal,24661261,Downtown
Montreal,24661262,Downtown
Montreal,24661263,Downtown
Montreal,24661264,Downtown
Montreal,24661265,Downtown
Montreal,24661269,Downtown
Montreal,24661270,Downtown
Montreal,24661271,Downtown
Montreal,24661272,Downtown
Montreal,24661273,Downtown
Montreal,24661276,Downtown
Montreal,24661277,Downtown
Montreal,24661278,Downtown
Montreal,24661279,Downtown
Montreal,24661280,Downtown
Montreal,24661281,Downtown
Montreal,24661282,Downtown
Montreal,24661284,Downtown
Montreal,24661285,Downtown
Montreal,24661286,Downtown
Montreal,24661848,Downtown
Montreal,24661849,Downtown
Montreal,24661856,Downtown
Montreal,24661857,Downtown
Montreal,24661858,Downtown
Montreal,24661859,Downtown
Montreal,24661860,Downtown
Montreal,24661926,Downtown
Montreal,24661927,Downtown
Montreal,24661928,Downtown
Montreal,24661929,Downtown
Montreal,24661936,Downtown
Montreal,24661937,Downtown
Montreal,24661940,Downtown
Montreal,24661942,Downtown
Montreal,24661943,Downtown
Montreal,24661944,Downtown
Montreal,24662114,Downtown
Montreal,24662115,Downtown
Montreal,24662116,Downtown
Montreal,24662140,Downtown
Montreal,24662141,Downtown
Montreal,24663242,Downtown
Montreal,24663243,Downtown
Montreal,24663246,Downtown
Montreal,24663249,Downtown
Montreal,24663344,Downtown
Montreal,24663345,Downtown
Montreal,24663346,Downtown
Montreal,24663347,Downtown
Montreal,24663348,Downtown
Montreal,24663349,Downtown
Montreal,24663350,Downtown
Montreal,24663358,Downtown
Montreal,24663359,Downtown
Montreal,24663360,Downtown
Montreal,24663361,Downtown
Montreal,24663363,Downtown
Montreal,24663365,Downtown
Montreal,24663366,Downtown
Montreal,24663367,Downtown
Montreal,24663368,Downtown
Montreal,24663369,Downtown
Montreal,24663434,Downtown
Montreal,24663436,Downtown
Montreal,24663437,Downtown
Montreal,24663438,Downtown
Montreal,24663439,Downtown
Montreal,24663441,Downtown
Montreal,24663444,Downtown
Montreal,24663445,Downtown
Montreal,24663452,Downtown
Montreal,24663453,Downtown
Montreal,24663459,Downtown
Montreal,24663460,Downtown
Montreal,24663463,Downtown
Montreal,24663464,Downtown
Montreal,24663486,Downtown
Montreal,24663488,Downtown
Montreal,24663489,Downtown
Montreal,24663490,Downtown
Montreal,24663491,Downtown
Montreal,24663492,Downtown
Montreal,24663493,Downtown
Ottawa,35060246,Downtown
Ottawa,35060249,Downtown
Ottawa,35060251,Downtown
Ottawa,35060252,Downtown
Ottawa,35060253,Downtown
Ottawa,35060254,Downtown
Ottawa,35060255,Downtown
Ottawa,35060264,Downtown
Ottawa,35060267,Downtown
Ottawa,35060313,Downtown
Ottawa,35060314,Downtown
Ottawa,35060315,Downtown
Ottawa,35060324,Downtown
Ottawa,35060325,Downtown
Ottawa,35060329,Downtown
Ottawa,35060330,Downtown
Ottawa,35060331,Downtown
Ottawa,35060332,Downtown
Ottawa,35060333,Downtown
Ottawa,35060334,Downtown
Ottawa,35060336,Downtown
Ottawa,35060337,Downtown
Ottawa,35060338,Downtown
Ottawa,35060339,Downtown
Ottawa,35060343,Downtown
Ottawa,35060345,Downtown
Ottawa,35060346,Downtown
Ottawa,35060347,Downtown
Ottawa,35060348,Downtown
Ottawa,35060353,Downtown
Ottawa,35060354,Downtown
Ottawa,35060360,Downtown
Ottawa,35060361,Downtown
Ottawa,35060367,Downtown
Ottawa,35060368,Downtown
Ottawa,35060399,Downtown
Ottawa,35060400,Downtown
Ottawa,35060401,Downtown
Ottawa,35060402,Downtown
Ottawa,35060403,Downtown
Ottawa,35060404,Downtown
Ottawa,35060405,Downtown
Ottawa,35060406,Downtown
Ottawa,35060407,Downtown
Ottawa,35060408,Downtown
Ottawa,35061020,Downtown
Ottawa,35061026,Downtown
Ottawa,35061027,Downtown
Ottawa,35061222,Downtown
Ottawa,35061225,Downtown
Ottawa,35061509,Downtown
Ottawa,35061510,Downtown
Ottawa,35061511,Downtown
Ottawa,35061512,Downtown
Ottawa,35061518,Downtown
Ottawa,35061602,Downtown
Ottawa,35061604,Downtown
Ottawa,35061608,Downtown
Ottawa,35061703,Downtown
Ottawa,35061705,Downtown
Ottawa,35061708,Downtown
Ottawa,35061709,Downtown
Ottawa,35061710,Downtown
Ottawa,35061711,Downtown
Ottawa,35061712,Downtown
Ottawa,35061713,Downtown
Ottawa,35061714,Downtown
Ottawa,35061715,Downtown
Ottawa,35061716,Downtown
Ottawa,35061717,Downtown
Ottawa,35061718,Downtown
Ottawa,35061766,Downtown
Ottawa,35061767,Downtown
Ottawa,35061768,Downtown
Ottawa,35061769,Downtown
Ottawa,35061770,Downtown
Ottawa,35061771,Downtown
Ottawa,35061772,Downtown
Ottawa,35061773,Downtown
Ottawa,35061774,Downtown
Ottawa,35061778,Downtown
Ottawa,35061779,Downtown
Ottawa,35061780,Downtown
Ottawa,35061781,Downtown
Ottawa,35061782,Downtown
Ottawa,35061783,Downtown
Ottawa,35061784,Downtown
Ottawa,35061785,Downtown
Ottawa,35061786,Downtown
Ottawa,35061787,Downtown
Ottawa,35061788,Downtown
Ottawa,35061789,Downtown
Ottawa,35061790,Downtown
Ottawa,35061791,Downtown
Ottawa,35061792,Downtown
Ottawa,35061793,Downtown
Ottawa,35061794,Downtown
Ottawa,35061795,Downtown
Ottawa,35061796,Downtown
Ottawa,35061797,Downtown
Ottawa,35061798,Downtown
Ottawa,35061799,Downtown
Ottawa,35061800,Downtown
Ottawa,35061801,Downtown
Ottawa,35061802,Downtown
Ottawa,35061803,Downtown
Kingston,35100170,Downtown
Kingston,35100171,Downtown
Kingston,35100172,Downtown
Kingston,35100173,Downtown
Kingston,35100174,Downtown
Kingston,35100175,Downtown
Kingston,35100176,Downtown
Kingston,35100178,Downtown
Kingston,35100190,Downtown
Kingston,35100191,Downtown
Kingston,35100192,Downtown
Kingston,35100193,Downtown
Kingston,35100194,Downtown
Kingston,35100195,Downtown
Kingston,35100196,Downtown
Kingston,35100197,Downtown
Kingston,35100198,Downtown
Kingston,35100199,Downtown
Peterborough,35150051,Downtown
Peterborough,35150052,Downtown
Peterborough,35150053,Downtown
Peterborough,35150055,Downtown
Peterborough,35150065,Downtown
Peterborough,35150066,Downtown
Peterborough,35150067,Downtown
Peterborough,35150068,Downtown
Peterborough,35150069,Downtown
Peterborough,35150070,Downtown
Peterborough,35150071,Downtown
Peterborough,35150072,Downtown
Peterborough,35150080,Downtown
Peterborough,35150081,Downtown
Peterborough,35150082,Downtown
Peterborough,35150083,Downtown
Peterborough,35150107,Downtown
Peterborough,35150108,Downtown
Peterborough,35150109,Downtown
Peterborough,35150110,Downtown
Peterborough,35150111,Downtown
Peterborough,35150112,Downtown
Peterborough,35150113,Downtown
Peterborough,35150114,Downtown
Peterborough,35150115,Downtown
Peterborough,35150116,Downtown
Peterborough,35150117,Downtown
Peterborough,35150213,Downtown
Peterborough,35150214,Downtown
Peterborough,35150225,Downtown
Toronto,35200755,Downtown
Toronto,35200756,Downtown
Toronto,35200757,Downtown
Toronto,35200768,Downtown
Toronto,35200769,Downtown
Toronto,35200770,Downtown
Toronto,35200771,Downtown
Toronto,35200772,Downtown
Toronto,35200774,Downtown
Toronto,35200783,Downtown
Toronto,35200792,Downtown
Toronto,35200794,Downtown
Toronto,35200795,Downtown
Toronto,35200796,Downtown
Toronto,35200797,Downtown
Toronto,35200798,Downtown
Toronto,35200801,Downtown
Toronto,35200802,Downtown
Toronto,35200803,Downtown
Toronto,35200804,Downtown
Toronto,35200805,Downtown
Toronto,35200806,Downtown
Toronto,35200807,Downtown
Toronto,35200808,Downtown
Toronto,35200809,Downtown
Toronto,35200810,Downtown
Toronto,35200811,Downtown
Toronto,35200812,Downtown
Toronto,35200813,Downtown
Toronto,35200814,Downtown
Toronto,35200815,Downtown
Toronto,35200821,Downtown
Toronto,35200822,Downtown
Toronto,35200826,Downtown
Toronto,35200827,Downtown
Toronto,35200828,Downtown
Toronto,35200829,Downtown
Toronto,35200831,Downtown
Toronto,35200832,Downtown
Toronto,35200833,Downtown
Toronto,35200855,Downtown
Toronto,35200859,Downtown
Toronto,35200860,Downtown
Toronto,35200861,Downtown
Toronto,35200862,Downtown
Toronto,35200863,Downtown
Toronto,35200864,Downtown
Toronto,35200865,Downtown
Toronto,35200866,Downtown
Toronto,35200867,Downtown
Toronto,35200868,Downtown
Toronto,35200869,Downtown
Toronto,35200870,Downtown
Toronto,35200888,Downtown
Toronto,35200889,Downtown
Toronto,35200890,Downtown
Toronto,35200891,Downtown
Toronto,35200892,Downtown
Toronto,35200893,Downtown
Toronto,35200894,Downtown
Toronto,35200895,Downtown
Toronto,35200896,Downtown
Toronto,35200897,Downtown
Toronto,35200898,Downtown
Toronto,35200899,Downtown
Toronto,35200900,Downtown
Toronto,35200901,Downtown
Toronto,35200902,Downtown
Toronto,35200903,Downtown
Toronto,35200905,Downtown
Toronto,35200906,Downtown
Toronto,35200907,Downtown
Toronto,35200908,Downtown
Toronto,35200909,Downtown
Toronto,35201028,Downtown
Toronto,35201029,Downtown
Toronto,35201030,Downtown
Toronto,35201031,Downtown
Toronto,35201032,Downtown
Toronto,35201033,Downtown
Toronto,35201034,Downtown
Toronto,35201035,Downtown
Toronto,35201036,Downtown
Toronto,35201038,Downtown
Toronto,35201039,Downtown
Toronto,35201040,Downtown
Toronto,35201041,Downtown
Toronto,35201044,Downtown
Toronto,35201045,Downtown
Toronto,35201046,Downtown
Toronto,35201047,Downtown
Toronto,35201048,Downtown
Toronto,35201049,Downtown
Toronto,35201050,Downtown
Toronto,35201051,Downtown
Toronto,35201052,Downtown
Toronto,35201053,Downtown
Toronto,35201054,Downtown
Toronto,35201055,Downtown
Toronto,35201056,Downtown
Toronto,35201057,Downtown
Toronto,35201058,Downtown
Toronto,35201059,Downtown
Toronto,35201060,Downtown
Toronto,35201061,Downtown
Toronto,35201062,Downtown
Toronto,35201063,Downtown
Toronto,35201436,Downtown
Toronto,35201437,Downtown
Toronto,35202812,Downtown
Toronto,35202813,Downtown
Toronto,35202814,Downtown
Toronto,35202817,Downtown
Toronto,35202818,Downtown
Toronto,35202819,Downtown
Toronto,35202820,Downtown
Toronto,35202821,Downtown
Toronto,35202823,Downtown
Toronto,35202840,Downtown
Toronto,35202842,Downtown
Toronto,35202843,Downtown
Toronto,35202845,Downtown
Toronto,35202846,Downtown
Toronto,35202847,Downtown
Toronto,35202848,Downtown
Toronto,35202849,Downtown
Toronto,35202850,Downtown
Toronto,35203176,Downtown
Toronto,35203183,Downtown
Toronto,35203184,Downtown
Toronto,35203991,Downtown
Toronto,35204004,Downtown
Toronto,35204019,Downtown
Toronto,35204021,Downtown
Toronto,35204091,Downtown
Toronto,35204157,Downtown
Toronto,35204228,Downtown
Toronto,35204229,Downtown
Toronto,35204230,Downtown
Toronto,35204245,Downtown
Toronto,35204246,Downtown
Toronto,35204275,Downtown
Toronto,35204562,Downtown
Toronto,35204563,Downtown
Toronto,35204564,Downtown
Toronto,35204565,Downtown
Toronto,35204566,Downtown
Toronto,35204567,Downtown
Toronto,35204578,Downtown
Toronto,35204579,Downtown
Toronto,35204580,Downtown
Toronto,35204581,Downtown
Toronto,35204582,Downtown
Toronto,35204583,Downtown
Toronto,35204584,Downtown
Toronto,35204585,Downtown
Toronto,35204586,Downtown
Toronto,35204587,Downtown
Toronto,35204589,Downtown
Toronto,35204590,Downtown
Toronto,35204591,Downtown
Toronto,35204592,Downtown
Toronto,35204593,Downtown
Toronto,35204594,Downtown
Toronto,35204595,Downtown
Toronto,35204596,Downtown
Toronto,35204597,Downtown
Toronto,35204598,Downtown
Toronto,35204599,Downtown
Toronto,35204600,Downtown
Toronto,35204601,Downtown
Toronto,35204602,Downtown
Toronto,35204603,Downtown
Toronto,35204605,Downtown
Toronto,35204606,Downtown
Toronto,35204607,Downtown
Toronto,35204608,Downtown
Toronto,35204609,Downtown
Toronto,35204610,Downtown
Toronto,35204611,Downtown
Toronto,35204612,Downtown
Toronto,35204613,Downtown
Toronto,35204614,Downtown
Toronto,35204615,Downtown
Toronto,35204616,Downtown
Toronto,35204617,Downtown
Toronto,35204618,Downtown
Toronto,35204620,Downtown
Toronto,35204621,Downtown
Toronto,35204622,Downtown
Toronto,35204623,Downtown
Toronto,35204624,Downtown
Toronto,35204650,Downtown
Toronto,35204652,Downtown
Toronto,35204653,Downtown
Toronto,35204655,Downtown
Toronto,35204656,Downtown
Toronto,35204819,Downtown
Toronto,35204820,Downtown
Toronto,35204821,Downtown
Toronto,35204822,Downtown
Toronto,35204823,Downtown
Toronto,35204824,Downtown
Toronto,35204825,Downtown
Toronto,35204826,Downtown
Toronto,35204841,Downtown
Toronto,35204842,Downtown
Toronto,35204843,Downtown
Toronto,35204844,Downtown
Toronto,35204845,Downtown
Toronto,35204882,Downtown
Toronto,35204883,Downtown
Toronto,35204894,Downtown
Toronto,35204895,Downtown
Toronto,35204896,Downtown
Toronto,35204897,Downtown
Toronto,35204898,Downtown
Toronto,35204899,Downtown
Toronto,35204900,Downtown
Toronto,35204901,Downtown
Toronto,35204902,Downtown
Toronto,35204922,Downtown
Toronto,35204923,Downtown
Toronto,35204941,Downtown
Toronto,35204942,Downtown
Toronto,35204993,Downtown
Toronto,35204994,Downtown
Toronto,35204995,Downtown
Toronto,35204996,Downtown
Toronto,35204997,Downtown
Toronto,35204998,Downtown
Toronto,35205060,Downtown
Toronto,35205061,Downtown
Toronto,35205062,Downtown
Toronto,35205063,Downtown
St. Catharines,35260382,Downtown
St. Catharines,35260383,Downtown
St. Catharines,35260384,Downtown
St. Catharines,35260385,Downtown
St. Catharines,35260386,Downtown
St. Catharines,35260387,Downtown
St. Catharines,35260388,Downtown
St. Catharines,35260389,Downtown
St. Catharines,35260390,Downtown
St. Catharines,35260438,Downtown
St. Catharines,35260439,Downtown
St. Catharines,35260440,Downtown
St. Catharines,35260441,Downtown
St. Catharines,35260442,Downtown
St. Catharines,35260443,Downtown
St. Catharines,35260445,Downtown
St. Catharines,35260446,Downtown
St. Catharines,35260447,Downtown
St. Catharines,35260448,Downtown
St. Catharines,35260449,Downtown
St. Catharines,35260450,Downtown
St. Catharines,35260451,Downtown
St. Catharines,35260452,Downtown
St. Catharines,35260453,Downtown
St. Catharines,35260506,Downtown
St. Catharines,35260509,Downtown
St. Catharines,35260510,Downtown
Kitchener,35300137,Downtown
Kitchener,35300113,Downtown
Kitchener,35300110,Downtown
Kitchener,35300136,Downtown
Kitchener,35300104,Downtown
Kitchener,35300139,Downtown
Kitchener,35300363,Downtown
Kitchener,35300364,Downtown
Kitchener,35300365,Downtown
Kitchener,35300366,Downtown
Kitchener,35300367,Downtown
Kitchener,35300368,Downtown
Kitchener,35300369,Downtown
Kitchener,35300370,Downtown
Kitchener,35300371,Downtown
Kitchener,35300372,Downtown
Kitchener,35300373,Downtown
Kitchener,35300374,Downtown
Kitchener,35300375,Downtown
Kitchener,35300376,Downtown
Kitchener,35300380,Downtown
Kitchener,35300381,Downtown
Kitchener,35300383,Downtown
Kitchener,35300384,Downtown
Kitchener,35300385,Downtown
Kitchener,35300386,Downtown
Kitchener,35300387,Downtown
Kitchener,35300388,Downtown
Kitchener,35300389,Downtown
Kitchener,35300390,Downtown
Kitchener,35300391,Downtown
Kitchener,35300392,Downtown
Kitchener,35300393,Downtown
Kitchener,35300394,Downtown
Kitchener,35300395,Downtown
Kitchener,35300396,Downtown
Kitchener,35300397,Downtown
Kitchener,35300398,Downtown
Kitchener,35300841,Downtown
Kitchener,35300842,Downtown
Kitchener,35300382,Downtown
Kitchener,35300135,Downtown
Kitchener,35300839,Downtown
Kitchener,35300840,Downtown
Kitchener,35300843,Downtown
Kitchener,35300844,Downtown
Kitchener,35300845,Downtown
Kitchener,35300846,Downtown
Kitchener,35300847,Downtown
Guelph,35230085,Downtown
Guelph,35230086,Downtown
Guelph,35230087,Downtown
Guelph,35230088,Downtown
Guelph,35230089,Downtown
Guelph,35230090,Downtown
Guelph,35230091,Downtown
Guelph,35230092,Downtown
Guelph,35230093,Downtown
Guelph,35230094,Downtown
Guelph,35230145,Downtown
Guelph,35230146,Downtown
Guelph,35230147,Downtown
Guelph,35230148,Downtown
Guelph,35230149,Downtown
Guelph,35230150,Downtown
Guelph,35230151,Downtown
Guelph,35230152,Downtown
Guelph,35230153,Downtown
Guelph,35230154,Downtown
Guelph,35230155,Downtown
Guelph,35230156,Downtown
Guelph,35230165,Downtown
Guelph,35230166,Downtown
Guelph,35230221,Downtown
Windsor,35370181,Downtown
Windsor,35370182,Downtown
Windsor,35370183,Downtown
Windsor,35370184,Downtown
Windsor,35370185,Downtown
Windsor,35370186,Downtown
Windsor,35370191,Downtown
Windsor,35370192,Downtown
Windsor,35370193,Downtown
Windsor,35370194,Downtown
Windsor,35370195,Downtown
Windsor,35370196,Downtown
Windsor,35370197,Downtown
Windsor,35370198,Downtown
Windsor,35370199,Downtown
Windsor,35370200,Downtown
Windsor,35370202,Downtown
Windsor,35370203,Downtown
Windsor,35370204,Downtown
Windsor,35370205,Downtown
Windsor,35370206,Downtown
Windsor,35370207,Downtown
Windsor,35370304,Downtown
Windsor,35370352,Downtown
Winnipeg,46110071,Downtown
Winnipeg,46110072,Downtown
Winnipeg,46110073,Downtown
Winnipeg,46110074,Downtown
Winnipeg,46110075,Downtown
Winnipeg,46110076,Downtown
Winnipeg,46110077,Downtown
Winnipeg,46110078,Downtown
Winnipeg,46110079,Downtown
Winnipeg,46110080,Downtown
Winnipeg,46110081,Downtown
Winnipeg,46110082,Downtown
Winnipeg,46110083,Downtown
Winnipeg,46110084,Downtown
Winnipeg,46110085,Downtown
Winnipeg,46110086,Downtown
Winnipeg,46110097,Downtown
Winnipeg,46110098,Downtown
Winnipeg,46110099,Downtown
Winnipeg,46110100,Downtown
Winnipeg,46110129,Downtown
Winnipeg,46110130,Downtown
Winnipeg,46110131,Downtown
Winnipeg,46110402,Downtown
Winnipeg,46110403,Downtown
Winnipeg,46110404,Downtown
Winnipeg,46110405,Downtown
Winnipeg,46110406,Downtown
Winnipeg,46110407,Downtown
Winnipeg,46110408,Downtown
Winnipeg,46110409,Downtown
Winnipeg,46110618,Downtown
Winnipeg,46110630,Downtown
Winnipeg,46110631,Downtown
Winnipeg,46110632,Downtown
Winnipeg,46110633,Downtown
Winnipeg,46110634,Downtown
Winnipeg,46110635,Downtown
Winnipeg,46110636,Downtown
Winnipeg,46110637,Downtown
Winnipeg,46110638,Downtown
Winnipeg,46110639,Downtown
Winnipeg,46110640,Downtown
Winnipeg,46110641,Downtown
Winnipeg,46110642,Downtown
Winnipeg,46110643,Downtown
Winnipeg,46110644,Downtown
Winnipeg,46110645,Downtown
Winnipeg,46110658,Downtown
Winnipeg,46110666,Downtown
Winnipeg,46110667,Downtown
Winnipeg,46110668,Downtown
Winnipeg,46110669,Downtown
Winnipeg,46110810,Downtown
Winnipeg,46111136,Downtown
Winnipeg,46111178,Downtown
Winnipeg,46111179,Downtown
Winnipeg,46111180,Downtown
Winnipeg,46111181,Downtown
Winnipeg,46111182,Downtown
Winnipeg,46111183,Downtown
Winnipeg,46111184,Downtown
Winnipeg,46111185,Downtown
Winnipeg,46111186,Downtown
Regina,47060262,Downtown
Regina,47060263,Downtown
Regina,47060264,Downtown
Regina,47060265,Downtown
Regina,47060266,Downtown
Regina,47060267,Downtown
Regina,47060268,Downtown
Regina,47060269,Downtown
Regina,47060270,Downtown
Regina,47060271,Downtown
Regina,47060273,Downtown
Regina,47060276,Downtown
Regina,47060277,Downtown
Regina,47060278,Downtown
Regina,47060279,Downtown
Regina,47060280,Downtown
Regina,47060281,Downtown
Regina,47060291,Downtown
Regina,47060292,Downtown
Regina,47060293,Downtown
Regina,47060294,Downtown
Regina,47060295,Downtown
Regina,47060296,Downtown
Regina,47060297,Downtown
Regina,47060299,Downtown
Regina,47060454,Downtown
Regina,47060455,Downtown
Regina,47060456,Downtown
Regina,47060664,Downtown
Regina,47062543,Downtown
Regina,47062544,Downtown
Regina,47062545,Downtown
Regina,47062546,Downtown
Lethbridge,48020100,Downtown
Lethbridge,48020101,Downtown
Lethbridge,48020102,Downtown
Lethbridge,48020103,Downtown
Lethbridge,48020104,Downtown
Lethbridge,48020105,Downtown
Lethbridge,48020106,Downtown
Lethbridge,48020203,Downtown
Lethbridge,48020204,Downtown
Calgary,48060580,Downtown
Calgary,48060581,Downtown
Calgary,48060582,Downtown
Calgary,48060583,Downtown
Calgary,48060584,Downtown
Calgary,48060585,Downtown
Calgary,48060586,Downtown
Calgary,48060587,Downtown
Calgary,48060595,Downtown
Calgary,48060596,Downtown
Calgary,48060597,Downtown
Calgary,48060598,Downtown
Calgary,48060599,Downtown
Calgary,48060600,Downtown
Calgary,48060601,Downtown
Calgary,48060602,Downtown
Calgary,48060603,Downtown
Calgary,48060604,Downtown
Calgary,48060605,Downtown
Calgary,48060606,Downtown
Calgary,48060607,Downtown
Calgary,48060636,Downtown
Calgary,48060637,Downtown
Calgary,48060638,Downtown
Calgary,48060639,Downtown
Calgary,48060640,Downtown
Calgary,48060643,Downtown
Calgary,48060644,Downtown
Calgary,48060645,Downtown
Calgary,48060646,Downtown
Calgary,48060647,Downtown
Calgary,48060648,Downtown
Calgary,48060649,Downtown
Calgary,48060650,Downtown
Calgary,48060651,Downtown
Calgary,48060652,Downtown
Calgary,48060654,Downtown
Calgary,48060655,Downtown
Calgary,48060656,Downtown
Calgary,48060660,Downtown
Calgary,48060661,Downtown
Calgary,48060662,Downtown
Calgary,48061643,Downtown
Calgary,48061669,Downtown
Calgary,48061670,Downtown
Calgary,48062151,Downtown
Calgary,48062152,Downtown
Calgary,48062153,Downtown
Calgary,48062510,Downtown
Calgary,48062511,Downtown
Calgary,48062512,Downtown
Calgary,48062513,Downtown
Calgary,48062768,Downtown
Calgary,48062769,Downtown
Edmonton,48110127,Downtown
Edmonton,48110130,Downtown
Edmonton,48110131,Downtown
Edmonton,48110132,Downtown
Edmonton,48110134,Downtown
Edmonton,48110135,Downtown
Edmonton,48110136,Downtown
Edmonton,48110142,Downtown
Edmonton,48110144,Downtown
Edmonton,48110145,Downtown
Edmonton,48110146,Downtown
Edmonton,48110148,Downtown
Edmonton,48110149,Downtown
Edmonton,48110150,Downtown
Edmonton,48110153,Downtown
Edmonton,48110154,Downtown
Edmonton,48110155,Downtown
Edmonton,48110156,Downtown
Edmonton,48110157,Downtown
Edmonton,48110158,Downtown
Edmonton,48110159,Downtown
Edmonton,48110160,Downtown
Edmonton,48110161,Downtown
Edmonton,48110163,Downtown
Edmonton,48110164,Downtown
Edmonton,48110165,Downtown
Edmonton,48110166,Downtown
Edmonton,48110167,Downtown
Edmonton,48110169,Downtown
Edmonton,48110170,Downtown
Edmonton,48110171,Downtown
Edmonton,48110172,Downtown
Edmonton,48110173,Downtown
Edmonton,48110174,Downtown
Edmonton,48110188,Downtown
Edmonton,48110190,Downtown
Edmonton,48110191,Downtown
Edmonton,48110192,Downtown
Edmonton,48110193,Downtown
Edmonton,48110194,Downtown
Edmonton,48110195,Downtown
Edmonton,48110196,Downtown
Edmonton,48110198,Downtown
Edmonton,48110199,Downtown
Edmonton,48110200,Downtown
Edmonton,48110201,Downtown
Edmonton,48110202,Downtown
Edmonton,48110203,Downtown
Edmonton,48110206,Downtown
Edmonton,48110207,Downtown
Edmonton,48110208,Downtown
Edmonton,48110209,Downtown
Edmonton,48110210,Downtown
Edmonton,48110211,Downtown
Edmonton,48110212,Downtown
Edmonton,48110213,Downtown
Edmonton,48110215,Downtown
Edmonton,48110225,Downtown
Edmonton,48110226,Downtown
Edmonton,48110227,Downtown
Edmonton,48111505,Downtown
Edmonton,48112289,Downtown
Edmonton,48112290,Downtown
Edmonton,48112291,Downtown
Edmonton,48112292,Downtown
Edmonton,48112294,Downtown
Edmonton,48112295,Downtown
Edmonton,48112316,Downtown
Edmonton,48112317,Downtown
Edmonton,48112334,Downtown
Edmonton,48112515,Downtown
Edmonton,48112516,Downtown
Edmonton,48112517,Downtown
Edmonton,48112519,Downtown
Edmonton,48112520,Downtown
Edmonton,48112522,Downtown
Edmonton,48112523,Downtown
Edmonton,48112525,Downtown
Edmonton,48112526,Downtown
Edmonton,48112528,Downtown
Edmonton,48112757,Downtown
Edmonton,48112759,Downtown
Edmonton,48112760,Downtown
Edmonton,48112762,Downtown
Edmonton,48112764,Downtown
Edmonton,48112848,Downtown
Edmonton,48112849,Downtown
Kelowna,59350052,Downtown
Kelowna,59350189,Downtown
Kelowna,59350190,Downtown
Kelowna,59350191,Downtown
Kelowna,59350192,Downtown
Kelowna,59350193,Downtown
Kelowna,59350194,Downtown
Kelowna,59350195,Downtown
Kelowna,59350196,Downtown
Kelowna,59350197,Downtown
Kelowna,59350198,Downtown
Kelowna,59350199,Downtown
Kelowna,59350200,Downtown
Kelowna,59350201,Downtown
Kelowna,59350202,Downtown
Kelowna,59350203,Downtown
Kelowna,59350204,Downtown
Kelowna,59350206,Downtown
Kelowna,59350207,Downtown
Vancouver,59150755,Downtown
Vancouver,59150756,Downtown
Vancouver,59150757,Downtown
Vancouver,59150758,Downtown
Vancouver,59150759,Downtown
Vancouver,59150760,Downtown
Vancouver,59150761,Downtown
Vancouver,59150762,Downtown
Vancouver,59150763,Downtown
Vancouver,59150777,Downtown
Vancouver,59150779,Downtown
Vancouver,59150782,Downtown
Vancouver,59150784,Downtown
Vancouver,59150785,Downtown
Vancouver,59150786,Downtown
Vancouver,59150787,Downtown
Vancouver,59150788,Downtown
Vancouver,59150790,Downtown
Vancouver,59150791,Downtown
Vancouver,59150792,Downtown
Vancouver,59150793,Downtown
Vancouver,59150795,Downtown
Vancouver,59150816,Downtown
Vancouver,59150817,Downtown
Vancouver,59150819,Downtown
Vancouver,59150820,Downtown
Vancouver,59150821,Downtown
Vancouver,59150822,Downtown
Vancouver,59150823,Downtown
Vancouver,59150824,Downtown
Vancouver,59150827,Downtown
Vancouver,59150828,Downtown
Vancouver,59150831,Downtown
Vancouver,59150832,Downtown
Vancouver,59150837,Downtown
Vancouver,59150840,Downtown
Vancouver,59150841,Downtown
Vancouver,59150845,Downtown
Vancouver,59150846,Downtown
Vancouver,59150850,Downtown
Vancouver,59150859,Downtown
Vancouver,59150861,Downtown
Vancouver,59150863,Downtown
Vancouver,59150864,Downtown
Vancouver,59150865,Downtown
Vancouver,59150866,Downtown
Vancouver,59154146,Downtown
Vancouver,59153400,Downtown
Vancouver,59154147,Downtown
Vancouver,59154148,Downtown
Vancouver,59154149,Downtown
Vancouver,59154181,Downtown
Vancouver,59154182,Downtown
Vancouver,59153464,Downtown
Vancouver,59153466,Downtown
Vancouver,59153467,Downtown
Vancouver,59153469,Downtown
Vancouver,59153470,Downtown
Vancouver,59153471,Downtown
Vancouver,59153472,Downtown
Vancouver,59153473,Downtown
Vancouver,59153474,Downtown
Vancouver,59153476,Downtown
Vancouver,59153477,Downtown
Vancouver,59153479,Downtown
Vancouver,59153480,Downtown
Vancouver,59153481,Downtown
Vancouver,59153482,Downtown
Vancouver,59153483,Downtown
Vancouver,59153578,Downtown
Vancouver,59153579,Downtown
Vancouver,59153580,Downtown
Vancouver,59153833,Downtown
Vancouver,59153835,Downtown
Vancouver,59153836,Downtown
Vancouver,59153838,Downtown
Vancouver,59153839,Downtown
Vancouver,59153843,Downtown
Vancouver,59153847,Downtown
Vancouver,59153849,Downtown
Vancouver,59153851,Downtown
Vancouver,59153852,Downtown
Vancouver,59153246,Downtown
Vancouver,59154142,Downtown
Vancouver,59153562,Downtown
Vancouver,59153371,Downtown
Vancouver,59153677,Downtown
Vancouver,59153678,Downtown
Vancouver,59153679,Downtown
Vancouver,59153581,Downtown
Vancouver,59153582,Downtown
Vancouver,59153583,Downtown
Vancouver,59153585,Downtown
Vancouver,59153587,Downtown
Vancouver,59153588,Downtown
Vancouver,59153589,Downtown
Vancouver,59153590,Downtown
Vancouver,59153591,Downtown
Vancouver,59153668,Downtown
Vancouver,59153669,Downtown
Vancouver,59153670,Downtown
Vancouver,59153671,Downtown
Vancouver,59153672,Downtown
Vancouver,59153673,Downtown
Vancouver,59153674,Downtown
Vancouver,59153675,Downtown
Vancouver,59153676,Downtown
Vancouver,59153373,Downtown
Vancouver,59154143,Downtown
Vancouver,59154144,Downtown
Vancouver,59153680,Downtown
Vancouver,59153681,Downtown
Vancouver,59153682,Downtown
Vancouver,59153683,Downtown
Vancouver,59153684,Downtown
Vancouver,59153995,Downtown
Vancouver,59153996,Downtown
Vancouver,59153997,Downtown
Vancouver,59154000,Downtown
Vancouver,59154002,Downtown
Vancouver,59154026,Downtown
Vancouver,59154027,Downtown
Vancouver,59153955,Downtown
Vancouver,59153956,Downtown
Vancouver,59154145,Downtown
Vancouver,59153394,Downtown
Vancouver,59154187,Downtown
Vancouver,59154134,Downtown
Vancouver,59154135,Downtown
Vancouver,59154140,Downtown
Vancouver,59153168,Downtown
Vancouver,59153171,Downtown
Vancouver,59153172,Downtown
Vancouver,59154141,Downtown
Vancouver,59154183,Downtown
Vancouver,59153370,Downtown
Vancouver,59153372,Downtown
Vancouver,59153986,Downtown
Vancouver,59153987,Downtown
Vancouver,59153994,Downtown
Vancouver,59154185,Downtown
Vancouver,59154186,Downtown
Vancouver,59154184,Downtown
Victoria,59170142,Downtown
Victoria,59170143,Downtown
Victoria,59170144,Downtown
Victoria,59170145,Downtown
Victoria,59170146,Downtown
Victoria,59170147,Downtown
Victoria,59170148,Downtown
Victoria,59170149,Downtown
Victoria,59170150,Downtown
Victoria,59170161,Downtown
Victoria,59170162,Downtown
Victoria,59170163,Downtown
Victoria,59170164,Downtown
Victoria,59170165,Downtown
Victoria,59170166,Downtown
Victoria,59170167,Downtown
Victoria,59170168,Downtown
Victoria,59170169,Downtown
Victoria,59170170,Downtown
Victoria,59170276,Downtown
Victoria,59170278,Downtown
Victoria,59170279,Downtown
Victoria,59170280,Downtown
Victoria,59170281,Downtown
Victoria,59170282,Downtown
Victoria,59170285,Downtown
Victoria,59170286,Downtown
Victoria,59170287,Downtown
Victoria,59170288,Downtown
Victoria,59170289,Downtown
Victoria,59170290,Downtown
Victoria,59170295,Downtown
Victoria,59170296,Downtown
Victoria,59170297,Downtown
Victoria,59170298,Downtown
Victoria,59170299,Downtown
Victoria,59170300,Downtown
Victoria,59170301,Downtown
Victoria,59170302,Downtown
Victoria,59170303,Downtown
Victoria,59170304,Downtown
Victoria,59170305,Downtown
Victoria,59170308,Downtown
Victoria,59170309,Downtown
Victoria,59170310,Downtown
Victoria,59170311,Downtown
Victoria,59170312,Downtown
Victoria,59170313,Downtown
Victoria,59170383,Downtown
Victoria,59170554,Downtown
Victoria,59170555,Downtown
Victoria,59170610,Downtown
Victoria,59170611,Downtown
Victoria,59170722,Downtown
Victoria,59170723,Downtown
Victoria,59170805,Downtown
Victoria,59170806,Downtown
Victoria,59170807,Downtown
Victoria,59170808,Downtown
Victoria,59170809,Downtown
Victoria,59170810,Downtown
Victoria,59170811,Downtown
Victoria,59170814,Downtown
Victoria,59170815,Downtown
Victoria,59170819,Downtown
Victoria,59170820,Downtown
Mississauga,35210293,Downtown
Mississauga,35210294,Downtown
Mississauga,35210295,Downtown
Mississauga,35210809,Downtown
Mississauga,35210811,Downtown
Mississauga,35210847,Downtown
Mississauga,35210848,Downtown
Mississauga,35210849,Downtown
Mississauga,35210850,Downtown
Mississauga,35210851,Downtown
Mississauga,35210852,Downtown
Mississauga,35210862,Downtown
Mississauga,35210876,Downtown
Mississauga,35210878,Downtown
Mississauga,35210886,Downtown
Mississauga,35210887,Downtown
Mississauga,35210889,Downtown
Mississauga,35210890,Downtown
Mississauga,35210891,Downtown
Mississauga,35210922,Downtown
Mississauga,35210923,Downtown
Mississauga,35211417,Downtown
Mississauga,35211440,Downtown
Mississauga,35211459,Downtown
Mississauga,35211464,Downtown
Mississauga,35211828,Downtown
Mississauga,35211830,Downtown
Mississauga,35211981,Downtown
Mississauga,35212007,Downtown
Mississauga,35212009,Downtown
Mississauga,35212282,Downtown
Mississauga,35212283,Downtown
Mississauga,35212284,Downtown
Mississauga,35212285,Downtown
Mississauga,35212307,Downtown
Mississauga,35212308,Downtown
Mississauga,35212309,Downtown
Mississauga,35212310,Downtown
Mississauga,35212313,Downtown
Mississauga,35212314,Downtown
Mississauga,35212315,Downtown
Mississauga,35212316,Downtown
Mississauga,35212317,Downtown
Mississauga,35212318,Downtown
Burlington,35240417,Downtown
Burlington,35240420,Downtown
Burlington,35240421,Downtown
Burlington,35240422,Downtown
Burlington,35240423,Downtown
Burlington,35240425,Downtown
Burlington,35240427,Downtown
Burlington,35240428,Downtown
Burlington,35240429,Downtown
Burlington,35240432,Downtown
Burlington,35240440,Downtown
Burlington,35240441,Downtown
Burlington,35240442,Downtown
Burlington,35240443,Downtown
Burlington,35240444,Downtown
Burlington,35240445,Downtown
Burlington,35240446,Downtown
Burlington,35240590,Downtown
Burlington,35240807,Downtown
Burlington,35240808,Downtown
Burlington,35240809,Downtown
Burlington,35240950,Downtown
Burlington,35240951,Downtown
Burlington,35250775,Downtown
Waterloo,35300070,Downtown
Waterloo,35300072,Downtown
Waterloo,35300112,Downtown
Waterloo,35300116,Downtown
Waterloo,35300117,Downtown
Waterloo,35300118,Downtown
Waterloo,35300119,Downtown
Waterloo,35300120,Downtown
Waterloo,35300121,Downtown
Waterloo,35300122,Downtown
Waterloo,35300125,Downtown
Waterloo,35300126,Downtown
Waterloo,35300127,Downtown
Waterloo,35300131,Downtown
Waterloo,35300132,Downtown
Waterloo,35300133,Downtown
Waterloo,35300290,Downtown
Waterloo,35300291,Downtown
Waterloo,35300298,Downtown
Waterloo,35300719,Downtown
Waterloo,35300732,Downtown
